modelId,rating,senti_score,neg_score,pos_score,neu_score,senti_label
100029,5.0,8.8585,5.0,7.865,7.135,pos
110196,4.297709923664122,7.5052557251908425,5.124923664122137,6.598053435114502,8.276870229007637,pos
110211,4.294117647058823,7.531823529411763,5.256274509803921,6.3994117647058815,8.344411764705885,pos
110214,4.434782608695652,8.229782608695652,5.144130434782609,6.4328260869565215,8.423043478260867,pos
110215,4.3584905660377355,8.188584905660374,5.189009433962264,6.4594103773584886,8.35167452830189,pos
110217,4.0,7.449540983606558,5.261762295081967,6.299877049180331,8.43811475409836,neu
110225,3.1846153846153844,7.06076153846154,5.322769230769229,5.918153846153847,8.759076923076927,neu
110227,3.835616438356164,7.022880136986303,5.266815068493152,5.9458904109589055,8.787226027397262,neu
110229,4.0,7.266875000000001,5.22625,5.541874999999999,9.233125,neu
110231,3.5454545454545454,7.053300000000002,5.200909090909091,5.90109090909091,8.898181818181817,neu
110234,4.458333333333333,8.764645833333335,5.1272916666666655,6.292916666666667,8.579999999999998,pos
110235,4.3125,8.174624999999999,5.2009375,5.9765625,8.8228125,pos
110236,4.466346153846154,7.623420673076922,5.178966346153848,6.233533653846153,8.587524038461536,pos
110239,4.043478260869565,7.5394565217391305,5.3765217391304345,6.319999999999999,8.30391304347826,pos
110241,4.401734104046243,7.689151734104044,5.180000000000002,6.316315028901735,8.503612716763007,pos
110242,4.363636363636363,8.704806818181819,5.181136363636363,6.123181818181817,8.695227272727278,pos
110243,4.305555555555555,8.357680555555552,5.2125,6.310972222222222,8.476527777777777,pos
110244,4.496503496503497,8.176499999999995,5.135734265734266,6.372237762237762,8.492027972027975,pos
110245,4.714285714285714,8.643857142857144,5.180000000000001,6.0735714285714275,8.747142857142858,pos
110246,4.6440677966101696,8.55942372881356,5.1852542372881345,6.197372881355929,8.617457627118645,pos
110247,4.326530612244898,8.083224489795917,5.223316326530612,6.30908163265306,8.4675,pos
110248,3.9523809523809526,7.872714285714287,5.199880952380951,6.204999999999999,8.594880952380953,pos
110249,4.219512195121951,7.958243902439026,5.277317073170732,6.326585365853658,8.3959756097561,pos
110251,4.095238095238095,6.77102380952381,5.2126190476190475,6.088809523809523,8.69809523809524,neu
110254,4.8,8.311,5.061,6.827000000000001,8.111999999999998,pos
110256,4.9,8.1197,5.3335,6.783999999999999,7.8825,pos
110257,4.594594594594595,7.699508108108107,5.37135135135135,6.345432432432434,8.255918918918917,pos
110258,4.298076923076923,7.737129807692309,5.202451923076922,6.279759615384612,8.517932692307696,pos
110259,4.6,8.361500000000001,5.1645,6.335499999999999,8.499500000000001,pos
110260,4.676470588235294,8.413573529411766,5.143382352941177,6.504558823529413,8.35235294117647,pos
110261,3.3157894736842106,6.2976052631578945,5.3384210526315785,5.917631578947368,8.743157894736843,neu
110269,4.477064220183486,8.275105504587156,5.172889908256882,6.187568807339451,8.639495412844035,pos
110271,4.304347826086956,8.24975,5.154239130434782,6.569021739130435,8.276739130434782,pos
110278,4.833333333333333,9.406166666666666,5.0616666666666665,6.988333333333332,7.949166666666668,pos
120188,4.296875,7.524542968749998,5.2735546875,6.191210937499999,8.535273437500003,pos
120205,2.310344827586207,5.310775862068966,5.463103448275861,5.568965517241378,8.96844827586207,neu
120217,4.553571428571429,8.210970663265302,5.176875000000002,6.325548469387756,8.472028061224483,pos
120219,4.113924050632911,7.141189873417718,5.388037974683544,6.0887341772151915,8.523164556962026,neu
120221,4.111111111111111,9.199833333333334,5.217222222222222,6.0744444444444445,8.708888888888888,pos
120223,2.830508474576271,6.813262711864407,5.3577966101694905,5.756525423728811,8.885762711864409,neu
120225,4.389649923896499,7.6120205479452,5.358751902587514,6.3441095890411,8.289429223744287,pos
120226,3.8666666666666667,7.311700000000002,5.51,6.094333333333333,8.395999999999997,neu
120227,4.666666666666667,8.223433333333334,5.260666666666666,6.432333333333333,8.307333333333332,pos
120230,3.25,6.543075,5.4254999999999995,5.901000000000001,8.673750000000002,neu
120231,4.402225755166931,7.936046104928464,5.202917329093796,6.313847376788554,8.48324324324324,pos
120232,4.5588235294117645,8.35764705882353,5.189411764705883,6.006029411764706,8.804558823529412,pos
120233,4.235294117647059,8.71585294117647,5.1816176470588236,6.158382352941178,8.659558823529412,pos
120234,4.408571428571428,8.102629999999994,5.18092857142857,6.32082857142857,8.498157142857147,pos
120235,4.6,6.5219499999999995,5.2405,5.966,8.793000000000001,neu
120236,4.426829268292683,8.59315243902439,5.246341463414635,6.290121951219513,8.463170731707315,pos
120237,4.451456310679611,8.736526699029127,5.192305825242719,6.353786407766984,8.45376213592233,pos
120238,3.277227722772277,6.721356435643563,5.394653465346536,5.852326732673267,8.752920792079209,neu
120239,4.133333333333334,7.95107777777778,5.323555555555556,6.037111111111112,8.639777777777775,pos
120243,4.7,8.598199999999999,5.0755,6.4425,8.482,pos
120245,4.571428571428571,7.520535714285714,5.477142857142858,5.964642857142858,8.5575,pos
120246,4.662650602409639,8.202802710843374,5.317861445783131,6.399804216867473,8.282545180722886,pos
120247,4.5136612021857925,8.335928961748635,5.1715846994535495,6.3406557377049175,8.487923497267756,pos
120248,4.5,9.24525,5.180833333333333,6.478333333333333,8.340833333333334,pos
120249,4.495238095238095,8.207428571428572,5.1979999999999995,6.46295238095238,8.338952380952382,pos
120253,3.3461538461538463,6.590403846153846,5.305192307692308,5.859807692307692,8.835384615384616,neu
120258,4.740384615384615,9.057447115384614,5.173701923076924,6.376923076923077,8.449567307692313,pos
120265,5.0,8.9995,5.0,7.609999999999999,7.39,pos
120266,4.333333333333333,9.839666666666668,5.156666666666667,6.565,8.276666666666667,pos
120268,4.3875,8.12866875,5.21675,6.2135625,8.5695625,pos
4002178_M,4.0,7.302666666666667,5.307222222222222,5.987222222222221,8.706111111111111,neu
4002178_W,1.6,3.6061,5.878,6.086,8.036,neu
4002179_M,3.75,8.625375,5.12375,6.3925,8.48375,pos
4002179_W,3.25,7.31725,5.21125,6.32875,8.46125,neu
4002255_W,5.0,6.909,5.0,5.425,9.575,neu
4002435_M,4.25,8.76,5.2375,6.7325,8.03,pos
4002435_W,3.9423076923076925,7.306096153846155,5.340192307692307,6.496442307692307,8.16346153846154,neu
4002556_M,4.666666666666667,8.749250000000002,5.116666666666667,6.840833333333333,8.042499999999999,pos
4002556_W,4.0,9.5595,5.156666666666667,7.183333333333333,7.658333333333334,pos
526628,4.572784810126582,8.951464398734185,5.137017405063293,6.453813291139244,8.409193037974676,pos
818676,4.380116959064328,8.776152046783626,5.2162573099415175,6.29979532163743,8.484035087719299,pos
819413,5.0,8.21425,5.245,6.879999999999999,7.873749999999999,pos
819414,3.5714285714285716,7.921714285714286,5.147142857142858,5.923571428571429,8.928571428571429,pos
831413,3.40625,8.220812500000001,5.27546875,5.848749999999999,8.8759375,pos
843764,3.9615384615384617,8.08880769230769,5.26173076923077,5.93826923076923,8.799807692307692,pos
849557,4.64,9.33888,5.1457999999999995,6.4112,8.4424,pos
849558,3.909090909090909,7.788927272727272,5.238909090909091,6.164181818181818,8.596636363636364,pos
849559,3.1041666666666665,6.890958333333333,5.372083333333332,5.834895833333333,8.793020833333332,neu
849560,3.5,6.503208333333333,5.384166666666665,5.930833333333333,8.684166666666668,neu
849576,3.423076923076923,7.813596153846154,5.298846153846155,5.874038461538461,8.826923076923077,pos
849664,5.0,9.445863636363638,5.149090909090909,6.47090909090909,8.38,pos
851622,5.0,9.70725,5.0,8.175,6.825000000000001,pos
852461,2.6666666666666665,6.164000000000001,5.668333333333333,5.476666666666667,8.854999999999999,neu
852465,2.8,5.9616,5.430000000000001,6.0089999999999995,8.562000000000001,neu
863764,4.512820512820513,8.550012820512823,5.226794871794873,6.195000000000001,8.577820512820512,pos
863766,4.909090909090909,9.472409090909093,5.200454545454545,6.40318181818182,8.39590909090909,pos
863769,4.642857142857143,8.293857142857144,5.294642857142857,5.971071428571428,8.733571428571427,pos
863770,4.5,7.943999999999999,5.129166666666666,6.129166666666667,8.741666666666667,pos
863779,4.0588235294117645,8.747305882352938,5.225117647058823,6.170176470588236,8.605176470588235,pos
863780,4.116666666666666,8.653691666666667,5.2505,6.274500000000001,8.474916666666665,pos
869969,3.5,6.0925,5.3225,5.744999999999999,8.932500000000001,neu
869989,4.0,8.4725,5.0,5.8375,9.162500000000001,pos
869993,4.0,8.732,5.11875,6.49625,8.385000000000002,pos
878670,3.5434782608695654,7.466891304347826,5.345434782608696,6.128804347826086,8.525543478260868,neu
878671,3.4,7.949333333333332,5.344,6.010000000000001,8.645333333333333,pos
880555,4.158730158730159,8.733047619047623,5.136587301587303,6.218492063492064,8.644920634920636,pos
880560,3.9473684210526314,9.474315789473684,5.173157894736843,6.512894736842104,8.313947368421053,pos
880563,3.875,8.965218749999998,5.233437500000001,5.898437500000001,8.867812500000001,pos
880564,4.0,4.345,5.336666666666666,5.538333333333334,9.125,neu
880565,4.363636363636363,9.487772727272727,5.164090909090908,5.911818181818182,8.922272727272727,pos
880566,5.0,9.780999999999999,5.114999999999999,6.01,8.875,pos
880839,2.8947368421052633,7.799368421052631,5.330526315789474,5.941842105263157,8.72763157894737,pos
880840,3.8823529411764706,7.817705882352942,5.228823529411764,6.455,8.316470588235294,pos
880841,4.0,9.019958333333335,5.1000000000000005,6.200833333333333,8.699166666666663,pos
880842,4.333333333333333,8.359033333333333,5.1933333333333325,6.360333333333333,8.446666666666667,pos
880843,3.5,8.113731481481484,5.28675925925926,6.0707407407407405,8.642314814814815,pos
880844,4.163265306122449,8.82065306122449,5.203469387755101,6.387448979591834,8.409285714285714,pos
880845,3.533333333333333,7.5093666666666685,5.338666666666667,6.049333333333334,8.611500000000001,pos
880847,4.434782608695652,8.095826086956523,5.216304347826087,5.991304347826088,8.792391304347825,pos
880848,4.444444444444445,8.765756944444444,5.211875000000001,6.010763888888889,8.777083333333339,pos
881802,3.6666666666666665,6.458666666666666,5.655,5.743333333333332,8.601666666666667,neu
881973,4.166666666666667,8.172833333333333,5.1466666666666665,6.744166666666666,8.108333333333334,pos
883269,5.0,9.916,5.114999999999999,6.665,8.22,pos
883282,5.0,8.7895,5.0,6.385000000000001,8.614999999999998,pos
883283,5.0,9.8255,5.0,8.815,6.1850000000000005,pos
897821,3.9615384615384617,8.78823076923077,5.2446153846153845,5.939038461538461,8.816153846153844,pos
898457,3.1666666666666665,6.374666666666667,5.285833333333333,5.911666666666666,8.8025,neu
898466,4.5,6.72925,5.0875,5.8025,9.11,neu
898476,4.375,8.034125,5.4,6.22125,8.379375,pos
898485,4.166666666666667,8.022499999999999,5.357499999999999,6.0125,8.63,pos
898819,4.25,8.7229375,5.165,5.882499999999999,8.95125,pos
899472,5.0,6.3660000000000005,5.0,5.695,9.305,neu
904252,5.0,9.841750000000001,5.105,6.3774999999999995,8.5175,pos
904255,4.0,8.069399999999998,5.054,6.4159999999999995,8.530000000000001,pos
904257,5.0,9.434166666666668,5.0,6.776666666666666,8.223333333333334,pos
904696,5.0,9.58625,5.0,6.07125,8.92875,pos
904701,4.6,8.3263,5.195,6.387,8.419,pos
904715,4.0,7.6152,5.345,5.932,8.721,pos
904716,3.2857142857142856,7.4435714285714285,5.217142857142858,6.066428571428571,8.715,neu
907254,5.0,9.782,5.0,6.365,8.635,pos
907255,4.0,9.182,5.0,6.035,8.965,pos
907324,5.0,9.948,5.225,5.9799999999999995,8.79,pos
907327,4.333333333333333,8.947666666666668,5.105,5.8166666666666655,9.078333333333333,pos
907328,1.0,5.991999999999999,5.629999999999999,5.77,8.6,neu
917963,1.0,1.9485000000000001,5.285,5.0,9.715,neg
918021,5.0,9.634166666666667,5.0,6.328333333333333,8.671666666666667,pos
921704,4.0,8.953,5.0,7.105,7.895,pos
AA1622,5.0,9.932,5.0,6.625,8.375,pos
AA2430,4.0,9.479833333333334,5.0,6.395,8.604999999999999,pos
AA3172,4.666666666666667,9.514166666666666,5.098333333333334,5.976666666666667,8.924999999999999,pos
AA4080,5.0,9.4,5.2683333333333335,6.38,8.351666666666667,pos
AA4155,5.0,9.8035,5.324999999999999,7.364999999999999,7.31,pos
AA4302,5.0,9.411916666666666,5.07,6.618333333333332,8.311666666666667,pos
AA5739,3.0,8.003,5.2375,6.0875,8.675,pos
AQ0581,5.0,4.0245,5.7299999999999995,5.525,8.745000000000001,neu
BDZ11,3.8484848484848486,7.878151515151516,5.242651515151515,6.496439393939396,8.261363636363637,pos
BDZ15,5.0,9.3015,5.1525,6.8925,7.955,pos
BDZ37,4.511904761904762,8.852297619047619,5.122023809523809,6.989166666666667,7.888869047619046,pos
BDZ40,4.013698630136986,8.174849315068494,5.219520547945204,6.629383561643838,8.151027397260274,pos
BDZ41,4.125,8.249583333333334,5.117916666666666,6.367916666666667,8.513958333333333,pos
BDZ60,4.428571428571429,8.687378571428576,5.2205,6.969428571428572,7.810000000000002,pos
BEC73,4.666666666666667,8.750749999999998,5.019166666666666,7.060833333333334,7.9191666666666665,pos
BEC74,4.583333333333333,8.731541666666667,5.2629166666666665,6.804166666666666,7.933333333333334,pos
BEK63,4.083333333333333,8.087041666666666,5.1980208333333335,6.625416666666666,8.176458333333336,pos
BEK69,4.377777777777778,8.384699999999999,5.2188888888888885,6.541888888888886,8.239,pos
BES59,4.714285714285714,8.92467857142857,5.0,7.206428571428572,7.793571428571428,pos
BEU00,3.7142857142857144,7.8536785714285715,5.157857142857144,6.687500000000001,8.154642857142857,pos
BEV86,4.7696969696969695,9.102154545454546,5.079696969696971,6.924757575757575,7.995575757575755,pos
BEY10,4.413043478260869,8.57767391304348,5.122065217391304,6.533152173913045,8.34478260869565,pos
BEY13,4.204545454545454,8.449102272727275,5.210624999999999,6.756590909090906,8.032897727272731,pos
BEY99,4.083333333333333,8.554291666666664,5.1187499999999995,6.370833333333334,8.510555555555554,pos
BEZ00,4.75,7.8779375,5.215625,6.440625,8.34375,pos
BEZ10,4.5,8.687874999999998,5.0756250000000005,6.715,8.209375,pos
BEZ11,4.416666666666667,8.380385416666664,5.195520833333334,6.788645833333334,8.016250000000001,pos
BEZ21,4.5,8.97177380952381,5.1310714285714285,6.837976190476186,8.031071428571432,pos
BEZ22,4.388888888888889,8.529388888888889,5.260138888888889,6.664583333333334,8.075416666666664,pos
BEZ74,4.638297872340425,8.928102836879427,5.11918439716312,6.920035460992904,7.960815602836884,pos
BEZ75,4.421052631578948,8.598894736842107,5.193684210526317,6.925263157894736,7.880526315789472,pos
C568N,3.888888888888889,8.51738888888889,5.296111111111111,6.0438888888888895,8.66,pos
C574N,5.0,6.773625,5.0,5.89875,5.97625,neu
C582N,5.0,8.575249999999999,5.0,6.915833333333333,7.2508333333333335,pos
C619N,4.9,8.678149999999999,5.0409999999999995,6.608,7.350999999999999,pos
C628N,4.0,8.3244,5.255,6.479000000000001,8.267,pos
C631N,4.5,9.442499999999999,5.1850000000000005,6.5275,8.2875,pos
C637N,5.0,5.0,5.0,5.0,5.0,neu
C638N,5.0,9.788250000000001,5.0,7.4625,7.5375,pos
C706N,4.0,9.811499999999999,5.0,7.62,7.38,pos
C707N,5.0,8.7895,5.625,6.550000000000001,7.824999999999999,pos
C709N,3.0,6.613500000000001,5.288333333333333,5.888333333333333,8.823333333333334,neu
C712N,5.0,6.93525,5.0875,5.297499999999999,7.115,neu
C713N,5.0,9.365,5.0,7.362500000000001,7.6375,pos
C716N,5.0,9.8015,5.0,5.995,9.005,pos
C718N,5.0,9.847,5.135,6.2,8.665000000000001,pos
C719N,5.0,9.4545,5.237500000000001,6.3275,8.435,pos
C721N,5.0,9.663499999999999,5.1825,6.69,8.1275,pos
C741N,5.0,8.062000000000001,5.0,6.390000000000001,8.61,pos
C744N,5.0,8.115333333333332,5.0,6.963333333333334,6.37,pos
CBY27,4.549815498154982,8.601972324723244,5.17392988929889,6.692398523985237,8.133708487084869,pos
CCX10,4.260869565217392,8.695304347826088,5.187608695652174,6.7749999999999995,8.037391304347825,pos
CDA71,4.5,8.73555,5.218999999999999,6.7090000000000005,8.072000000000001,pos
CDB64,4.627906976744186,8.9588488372093,5.091511627906978,6.658139534883719,8.25046511627907,pos
CDB65,4.515151515151516,8.069212121212122,5.169545454545456,6.405757575757575,8.425,pos
CDC30,4.555555555555555,8.76238888888889,5.145277777777778,6.824722222222222,8.029722222222224,pos
CDE59,4.916666666666667,9.388645833333333,5.080416666666667,7.092291666666667,7.827500000000001,pos
CDE64,4.588235294117647,8.8675,5.185,6.7817647058823525,8.033235294117647,pos
CDI86,4.325688073394495,8.307013761467893,5.191444954128441,6.679839449541288,8.128738532110093,pos
CDM88,4.60377358490566,8.925216981132076,5.133207547169811,6.906226415094342,7.9604716981132055,pos
CDN45,3.5714285714285716,7.106499999999999,5.327857142857143,6.192142857142857,8.479642857142856,neu
CDT35,4.4,8.4446,5.323,6.407000000000001,8.27,pos
CDT36,4.583333333333333,8.818958333333333,5.215625,7.033749999999999,7.750208333333333,pos
CDU82,4.0,9.374,5.0,6.28,8.72,pos
CDV87,4.5,8.237687500000002,5.0975,6.3568750000000005,8.545625000000001,pos
CDV90,5.0,9.764,5.0,7.975,7.025,pos
CDX53,3.0,5.497,6.262499999999999,6.5625,7.1775,neu
CEM26,4.793103448275862,9.319931034482762,5.098103448275862,7.0646551724137945,7.8372413793103455,pos
CEN74,4.186528497409326,8.462606217616585,5.206139896373058,6.697305699481866,8.096554404145074,pos
CEN75,4.452830188679245,8.84093396226415,5.119811320754717,6.8170754716981135,8.063254716981131,pos
CEQ06,4.333333333333333,7.9909583333333325,5.211250000000001,6.240416666666668,8.547083333333335,pos
DWE91,4.666666666666667,8.868083333333333,5.186458333333333,6.957499999999999,7.856041666666667,pos
DWF45,4.0,7.266000000000001,5.23875,6.18,8.58125,neu
DWG09,4.75,9.61525,5.071249999999999,6.72375,8.205,pos
DWG12,3.735294117647059,7.984529411764705,5.246176470588234,6.216176470588234,8.538235294117648,pos
DWG18,4.591836734693878,8.31135714285714,5.201122448979592,6.710408163265308,8.087857142857143,pos
DWG26,4.673076923076923,9.159519230769229,5.118557692307693,6.884807692307693,7.996634615384613,pos
DWG38,4.662162162162162,9.177445945945948,5.135405405405405,6.764662162162162,8.099864864864864,pos
DWG43,4.755364806866953,8.931334763948495,5.115901287553648,6.993175965665235,7.890922746781113,pos
DWG54,5.0,9.134,5.0,6.859999999999999,8.14,pos
DWG55,4.0,9.36,5.0,7.16,7.84,pos
DWG63,4.611111111111111,9.461750000000002,5.045555555555556,7.053055555555556,7.901666666666666,pos
DWG84,5.0,9.845749999999999,5.0,7.425000000000001,7.574999999999999,pos
DWG93,4.0,7.8001000000000005,5.311,6.562,8.127,pos
DWG95,4.333333333333333,7.136,5.686666666666667,6.48,7.835000000000001,neu
DWH11,3.0,9.832999999999998,5.0525,6.3500000000000005,8.5975,pos
DWH12,5.0,8.6065,5.17,5.8325,8.9975,pos
DWH89,4.654320987654321,8.837635802469137,5.102283950617283,6.8169753086419735,8.080864197530865,pos
DWH96,4.3076923076923075,8.419076923076926,5.233076923076923,6.85346153846154,7.913076923076924,pos
DWI04,4.6,9.0531,5.159999999999999,6.6659999999999995,8.173,pos
DWL75,4.357142857142857,8.737607142857145,5.165,6.725357142857144,8.109642857142857,pos
EFT54,4.746031746031746,8.961304232804235,5.150555555555556,7.081878306878309,7.767751322751318,pos
EFU87,4.666666666666667,9.168083333333334,5.0,7.099166666666665,7.900833333333335,pos
EFV12,5.0,9.0865,5.0,6.6049999999999995,8.395,pos
EFW97,5.0,9.806000000000001,5.375,7.315,7.305000000000001,pos
EFX22,4.833333333333333,9.309083333333334,5.030833333333333,7.172499999999999,7.796666666666667,pos
EFY73,5.0,9.499500000000001,5.0,6.835,8.165,pos
EFY85,1.0,7.5115,5.0,5.365,9.635,pos
EFZ10,5.0,9.432,5.0,6.9225,8.0775,pos
EGA41,4.222222222222222,8.791833333333335,5.087222222222222,7.010555555555555,7.902222222222221,pos
EGA42,4.571428571428571,9.054428571428572,5.2178571428571425,6.395000000000001,8.38642857142857,pos
EOR11,4.5,7.9685,5.2525,6.4975000000000005,8.25,pos
EOR54,5.0,9.2865,5.0,7.71,7.29,pos
FBL99,4.153846153846154,8.158576923076923,5.128846153846154,6.3100000000000005,8.560384615384615,pos
FBN57,4.453333333333333,8.482306666666664,5.214799999999999,6.728933333333332,8.056199999999999,pos
FBQ93,5.0,9.173833333333333,5.148333333333333,7.386666666666667,7.465,pos
FBT28,4.0,7.7815,5.0,5.965,9.035,pos
FBT92,1.0,3.2940000000000005,6.625,5.0,8.375,neu
GII64,4.2105263157894735,8.80442105263158,5.140000000000001,7.047631578947368,7.812105263157895,pos
GIV93,4.462686567164179,8.791194029850747,5.157089552238807,6.889925373134329,7.953134328358211,pos
GIW69,3.8,8.366500000000002,5.144,6.365,8.491,pos
GJX55,4.75,9.465250000000001,5.0,6.9575000000000005,8.0425,pos
GTG76,4.6,9.34044,5.055066666666668,7.0406666666666675,7.9041999999999994,pos
GTO80,4.625,8.6700625,5.13,7.005625,7.864375,pos
GTT78,5.0,9.01,5.0,7.255000000000001,7.744999999999999,pos
GTT80,4.6,8.9803,5.134,7.026999999999999,7.837999999999999,pos
GUA47,4.597938144329897,8.951572164948452,5.161469072164949,6.86180412371134,7.976649484536085,pos
IJD75,4.728571428571429,8.840978571428572,5.134714285714286,7.109785714285715,7.755714285714287,pos
IUU67,4.4,9.1877,5.125,6.569,8.306000000000001,pos
KDO46,4.629496402877698,9.006048561151074,5.108669064748202,6.901187050359709,7.990305755395685,pos
KDV76,4.333333333333333,8.637041666666669,5.04625,7.297499999999999,7.65625,pos
KEH54,4.686695278969957,8.906160944206006,5.106072961373391,6.943025751072957,7.950987124463526,pos
KEI26,4.5,8.82625,5.164166666666667,6.019166666666667,8.815833333333332,pos
KEJ77,4.790697674418604,8.940023255813957,5.105697674418605,6.834651162790697,8.059767441860465,pos
KEK81,4.3355263157894735,8.31667763157895,5.149703947368421,6.496644736842105,8.353486842105264,pos
KEK85,4.71875,8.543078125000001,5.16,6.6539062499999995,8.18578125,pos
T5G2N,4.666666666666667,7.145666666666666,5.159166666666667,5.695833333333333,8.311666666666667,neu
T5J1N,4.105263157894737,6.976999999999999,5.278947368421052,5.763421052631578,7.378684210526315,neu
T5J1Q,4.3,8.8162,5.057,6.811,8.132,pos
T5J6Q,4.5,8.79875,5.17,6.868,7.961999999999999,pos
T640N,5.0,7.820166666666666,5.0,5.766666666666667,7.566666666666666,pos
T641N,3.8823529411764706,7.176941176470587,5.336176470588235,6.128529411764706,8.535000000000002,neu
T642N,4.2727272727272725,8.745181818181818,5.127272727272726,6.336363636363635,8.53590909090909,pos
T644N,4.555555555555555,8.505999999999998,5.114444444444445,6.487222222222222,8.398333333333333,pos
T646N,4.5,6.712090909090909,5.040681818181818,5.604545454545455,6.627613636363637,neu
T646Q,4.9,8.524750000000001,5.0265,6.668000000000001,7.3055,pos
T648N,4.333333333333333,9.120708333333331,5.128333333333333,6.6066666666666665,8.265,pos
T657N,3.5,8.333850000000002,5.143,5.940499999999999,8.916999999999998,pos
T680N,3.1666666666666665,6.994250000000001,5.305000000000001,6.043333333333333,8.651666666666666,neu
T682N,3.0,5.11425,5.615,5.7475,8.6375,neu
T690N,4.333333333333333,6.518166666666667,5.055,5.303333333333334,6.3066666666666675,neu
T691N,4.571428571428571,7.229857142857143,5.171666666666667,5.825,7.09857142857143,neu
T692N,4.583333333333333,9.499041666666667,5.09625,6.785416666666666,8.118333333333334,pos
T694N,4.5,6.8877500000000005,5.1265625,5.5565625,6.5040625,neu
T696N,4.5,8.0085,5.177666666666666,6.0295,7.959833333333333,pos
T699N,4.1,8.55485,5.176499999999999,6.722499999999999,8.1015,pos
T6A1N,4.142857142857143,7.098285714285716,5.397857142857142,6.258571428571429,8.343571428571428,neu
T6A3N,4.823529411764706,8.173,5.048235294117648,6.181470588235293,7.594117647058825,pos
T6A5N,2.96875,5.7635625,5.19125,5.43,6.7225,neu
T6A6N,4.454545454545454,7.686863636363636,5.164545454545455,6.131363636363636,8.25,pos
T6A8N,4.590909090909091,6.666159090909091,5.072954545454546,5.710681818181818,6.943863636363637,neu
T6B0N,4.6,6.79995,5.237,5.6135,7.649000000000001,neu
T6B4N,4.5,9.509500000000001,5.0,7.2925,7.7075,pos
T6C3N,3.4705882352941178,7.474176470588236,5.169705882352941,6.1679411764705865,8.662058823529412,neu
T6C8N,3.625,6.842781250000001,5.2265625,5.967812499999999,8.8059375,neu
T6C9N,4.333333333333333,7.701083333333333,5.164166666666667,5.797916666666666,7.7870833333333325,pos
T6D8N,3.6666666666666665,9.087333333333333,5.073333333333333,6.398333333333333,8.528333333333334,pos
T6F3J,5.0,8.89825,5.4075,6.195,8.395,pos
T6F3Y,4.833333333333333,5.918388888888889,5.052222222222222,5.402916666666666,5.93375,neu
T6F8Y,4.142857142857143,8.944571428571429,5.1032142857142855,6.823214285714285,8.07392857142857,pos
T6G2N,4.75,7.783041666666667,5.116666666666666,6.283333333333334,7.3500000000000005,pos
T6G6N,3.7,6.9445,5.2780000000000005,5.7305,7.9925,neu
T6G7N,4.636363636363637,8.845454545454546,5.154545454545455,6.827272727272727,8.017727272727273,pos
T6K2N,4.0,6.230863636363637,5.055454545454546,5.643636363636364,7.028181818181818,neu
T6K7N,4.555555555555555,8.589666666666666,5.28388888888889,6.101666666666666,8.615000000000002,pos
T6L0N,4.444444444444445,9.341111111111111,5.096666666666667,7.092777777777777,7.809444444444444,pos
T6L5N,4.75,7.774708333333333,5.1187499999999995,6.009166666666666,7.621666666666666,pos
T700N,3.96,6.99148,5.0931999999999995,5.8948,7.812199999999999,neu
T702N,3.125,7.280187499999999,5.0740625,6.011875000000001,7.351874999999999,neu
T705N,2.5714285714285716,5.671285714285714,5.363571428571428,5.633571428571429,8.289285714285715,neu
T707N,4.071428571428571,7.896464285714286,5.114642857142856,5.993571428571428,7.463214285714286,pos
T709N,4.1,6.9579,5.1585,6.052,7.789500000000001,neu
T70TQ,4.5,8.57925,5.233333333333333,6.785833333333333,7.980833333333334,pos
T712N,3.8,8.564699999999998,5.197999999999999,6.05,8.752,pos
T714N,4.428571428571429,7.585285714285716,5.298571428571428,6.267857142857143,7.719285714285715,pos
T715N,4.142857142857143,7.09542857142857,5.286428571428571,5.963571428571429,8.750714285714285,neu
T718N,4.222222222222222,8.358333333333333,5.237222222222222,6.609444444444445,8.154444444444444,pos
T720N,4.666666666666667,8.675666666666666,5.027222222222222,6.486666666666667,8.48611111111111,pos
T722N,4.0,7.314,5.1274999999999995,5.875,6.4975000000000005,neu
T724N,4.333333333333333,8.764888888888889,5.097777777777778,6.665,7.682777777777777,pos
T728N,3.8666666666666667,5.749566666666667,5.373,5.605333333333333,7.6883333333333335,neu
T737N,4.666666666666667,7.906916666666667,5.119166666666667,5.848333333333333,8.199166666666668,pos
T741S,2.0,1.8335000000000001,5.345,5.1049999999999995,9.55,neg
T748N,4.444444444444445,7.834777777777778,5.234444444444445,6.3005555555555555,8.465000000000002,pos
T749N,4.583333333333333,8.513916666666667,5.15875,6.370416666666667,8.470416666666667,pos
T750N,3.25,6.7368875,5.272375,5.897375,7.455125000000001,neu
T751N,2.5,4.587875,5.455416666666667,5.405,9.139166666666666,neu
T757N,4.388888888888889,7.135944444444444,5.21638888888889,6.060277777777778,7.334722222222221,neu
T762N,3.888888888888889,8.978055555555555,5.220000000000001,5.8727777777777765,8.908333333333333,pos
T764N,3.5714285714285716,5.473357142857144,5.425714285714285,5.997857142857143,8.577142857142857,neu
T765N,4.666666666666667,8.72311111111111,5.317222222222223,6.535,8.148333333333333,pos
T767N,3.888888888888889,7.832166666666666,5.241666666666667,6.3116666666666665,8.447222222222223,pos
T768N,4.4,8.6735,5.0685,6.3985,7.5329999999999995,pos
T769N,4.9,9.361900000000002,5.106,6.6930000000000005,8.2015,pos
T770N,4.375,9.422625000000002,5.070625,6.456875,8.4725,pos
T772N,3.5,5.861416666666666,5.185833333333333,5.389166666666667,6.925,neu
T774N,4.0,7.381666666666667,5.441666666666667,6.2155555555555555,8.343333333333334,neu
T778N,4.2,7.8084999999999996,5.143000000000001,6.173499999999999,7.683,pos
T780N,4.4,8.4018,5.161,6.281999999999999,8.5575,pos
T788N,4.2,8.721449999999999,5.122,6.104,8.775,pos
T792N,5.0,6.7058333333333335,5.266666666666667,5.824999999999999,8.91,neu
T798N,3.9,6.73215,5.256,5.8865,7.8575,neu
T799N,4.214285714285714,7.852642857142858,5.2625,6.5125,7.867857142857143,pos
T7A1N,4.142857142857143,7.300857142857142,5.204285714285715,5.836428571428572,8.244285714285715,neu
T7A3N,5.0,9.454600000000001,5.152,6.728999999999999,8.120000000000001,pos
T7A4N,4.8,7.738400000000001,5.406000000000001,6.263,8.331999999999997,pos
T7A5N,3.25,7.74375,5.45125,5.9037500000000005,8.64375,pos
T7A8N,4.0,9.894,5.055,6.585,8.36,pos
T7A9N,4.6,7.681,5.159000000000001,6.422,8.419,pos
T7B1N,3.75,8.290375000000001,5.0,6.495,7.255,pos
T7B3N,3.3333333333333335,7.701666666666666,5.234999999999999,5.970555555555555,8.795,pos
T7B5N,4.285714285714286,8.365428571428572,5.28,5.941428571428571,8.777857142857142,pos
T7B8N,3.5555555555555554,7.153,5.381111111111111,6.218888888888889,8.399444444444445,neu
T7C3N,3.4285714285714284,6.676857142857143,5.159285714285715,5.840714285714285,8.285,neu
T7C4N,4.25,7.957062499999999,5.204375,6.1743749999999995,7.99625,pos
T7C6N,4.0,8.91025,5.0,6.445,8.555,pos
T7C8N,4.25,9.260125,5.14625,6.12,8.73375,pos
T7C9N,3.7142857142857144,6.490928571428571,5.229285714285715,5.882857142857143,8.17357142857143,neu
T7D0N,4.444444444444445,8.421,5.194444444444445,6.1016666666666675,8.703333333333335,pos
T7D1N,5.0,8.985416666666666,5.198333333333333,6.751666666666668,7.216666666666666,pos
T7D2N,3.3333333333333335,8.197000000000001,5.096666666666667,6.0566666666666675,8.846666666666668,pos
T7D5N,3.6,7.4961,5.408,6.168,8.422999999999998,neu
T7D6N,5.0,8.571125,5.12375,6.02,7.606249999999999,pos
T7D7N,4.833333333333333,8.0575,5.175,6.238333333333333,7.753333333333335,pos
T7E1N,4.0,7.897833333333334,5.118333333333333,6.1866666666666665,7.028333333333333,pos
T7E2N,4.333333333333333,8.828555555555557,5.085,6.221111111111111,8.693333333333333,pos
T7E3N,5.0,9.4925,5.0,7.275,7.725,pos
T7E6N,3.75,9.60925,5.23375,7.1,7.66625,pos
T7E7N,3.6666666666666665,8.084666666666667,5.293333333333333,6.034166666666667,8.6725,pos
T7E8N,4.0,6.13375,5.5375,6.6775,7.785,neu
T7F2N,5.0,9.81475,5.0600000000000005,6.82375,8.116249999999999,pos
T7F7N,5.0,5.0,5.0,5.0,5.0,neu
T7G1N,4.714285714285714,8.629071428571429,5.039285714285714,6.446428571428572,7.799999999999999,pos
T7G1Q,4.333333333333333,8.264833333333334,5.2299999999999995,6.553333333333334,8.216666666666667,pos
T7G3N,4.0,7.444,5.0,6.785,5.715,neu
T7G3Q,5.0,9.65,5.0,8.315,6.685,pos
T7G6N,4.6,7.95425,5.095000000000001,6.465000000000001,6.9405,pos
T7H1N,1.0,9.1885,5.0,7.49,7.51,pos
T7H6N,3.6666666666666665,6.678333333333332,5.495,6.301666666666666,8.203333333333335,neu
T7J3N,5.0,9.36,5.0,7.62,7.38,pos
T7J4N,5.0,8.301125,5.1875,6.685,7.5024999999999995,pos
T7J8N,4.4,8.6709,5.0,6.475,8.525,pos
T7J9N,4.444444444444445,8.493333333333334,5.263888888888889,6.413333333333334,8.322777777777778,pos
T7K0N,5.0,9.833,5.0,6.53,8.469999999999999,pos
T7K2N,1.0,9.1155,5.220000000000001,5.88,8.9,pos
T7K7N,3.75,8.22575,5.0825,5.612500000000001,8.055,pos
T7L0N,4.0,7.313249999999999,5.16875,6.268750000000001,8.5625,neu
T800N,3.5555555555555554,8.591555555555555,5.080555555555556,6.271111111111112,8.648333333333333,pos
T802N,5.0,8.41375,5.11625,6.546250000000001,7.0875,pos
T805N,5.0,9.824,5.404999999999999,6.04,8.55,pos
T818N,5.0,5.0,5.0,5.0,5.0,neu
T850N,4.4,7.7293,5.2455,5.811999999999999,7.9425,pos
T855N,3.5,3.882625,5.65625,5.5225,7.57125,neu
T856N,5.0,9.825999999999999,5.0,9.175,5.825,pos
T8C4N,5.0,7.7815,5.0,6.875,8.125,pos
